<?xml version="1.0" encoding="UTF-8"?>
<project-private xmlns="http://www.netbeans.org/ns/project-private/1">
    <open-files xmlns="http://www.netbeans.org/ns/projectui-open-files/2">
        <group>
            <file>file:/D:/수업/Java/Team1/teamcode/FrameDemo1/src/Student.java</file>
            <file>file:/D:/수업/Java/Team1/teamcode/FrameDemo1/src/CheckoutTest.java</file>
            <file>file:/D:/수업/Java/Team1/teamcode/FrameDemo1/src/Checkout.java</file>
        </group>
    </open-files>
</project-private>
