<?xml version="1.0" encoding="UTF-8"?>
<project-private xmlns="http://www.netbeans.org/ns/project-private/1">
    <editor-bookmarks xmlns="http://www.netbeans.org/ns/editor-bookmarks/2" lastBookmarkId="0"/>
    <open-files xmlns="http://www.netbeans.org/ns/projectui-open-files/2">
        <group>
            <file>file:/D:/수업/Java/Team1/FrameDemo_12_03_2019/src/framedemo_12_03_2019/Checkout.java</file>
            <file>file:/D:/수업/Java/Team1/FrameDemo_12_03_2019/src/framedemo_12_03_2019/Student.java</file>
            <file>file:/D:/수업/Java/Team1/FrameDemo_12_03_2019/src/framedemo_12_03_2019/First_Screen.java</file>
            <file>file:/D:/수업/Java/Team1/FrameDemo_12_03_2019/src/framedemo_12_03_2019/CheckoutTest.java</file>
        </group>
    </open-files>
</project-private>
